,delay,stops
A_on_A,0.0016500000000000002,0.007
A_on_B,1.7691499999999996,0.30683333333333335
B_on_B,13.931166666666664,1.1046666666666667
B_on_A,17.558450000000033,1.3445
